Chest(cm),Biceps(cm),Forearm(cm),Wrist(cm),Abdomen(cm),Hip(cm),Thigh(cm),Knee(cm),Ankle(cm),Height(cm),Age(yr),Weight(kg)
89.50,32.50,26.00,16.50,74.50,93.50,51.50,34.50,23.50,174.00,21,65.60
97.00,34.40,28.00,17.00,86.50,94.80,51.50,36.50,24.50,175.30,23,71.80
97.50,33.40,28.80,16.90,82.90,95.00,57.30,37.00,21.90,193.50,28,80.70
97.00,31.00,26.20,16.60,78.80,94.00,53.00,37.00,23.00,186.50,23,72.60
97.50,32.00,28.40,18.00,82.50,98.50,55.40,37.70,24.40,187.20,22,78.80
99.90,33.00,28.00,16.90,80.10,95.30,57.50,36.60,23.50,181.50,21,74.80
106.90,42.40,32.30,18.80,84.00,101.00,60.90,40.10,23.60,184.00,26,86.40
102.50,34.10,28.00,18.00,80.50,98.00,56.00,39.20,22.50,184.50,27,78.40
91.00,33.00,26.00,16.50,69.00,89.50,50.00,35.50,22.00,175.00,23,62.00
93.50,36.50,29.20,16.90,81.50,99.80,59.80,38.30,22.20,184.00,21,81.60
97.70,34.60,27.90,16.20,81.00,98.40,60.50,38.90,23.20,180.00,23,76.60
99.50,38.50,30.40,18.20,82.50,95.00,58.50,39.00,24.30,177.80,22,83.60
103.00,33.50,29.00,18.00,94.50,103.00,59.00,40.50,26.00,192.00,20,90.00
99.60,35.60,29.00,16.60,89.20,98.00,59.10,35.80,21.50,176.00,26,74.60
101.50,36.00,29.00,16.50,89.50,95.00,57.00,34.50,22.00,174.00,23,71.00
104.10,34.50,29.50,17.50,84.00,97.00,56.00,39.00,24.00,184.00,22,79.60
100.00,37.00,28.80,17.80,93.50,105.00,65.80,40.90,24.20,192.70,30,93.80
93.80,31.20,26.90,17.10,74.90,90.10,54.10,36.40,22.00,171.50,22,70.00
98.50,34.50,28.50,18.50,86.00,94.50,55.00,38.00,23.00,173.00,29,72.40
104.00,37.00,30.50,18.80,88.00,101.10,59.50,39.80,26.50,176.00,22,85.90
100.00,32.00,27.60,17.30,91.00,98.00,57.50,37.50,21.00,176.00,22,78.80
100.00,37.00,30.00,18.00,83.70,99.50,57.00,37.50,23.00,180.50,20,77.80
99.00,31.20,26.90,16.00,75.90,92.20,53.40,36.20,23.50,172.70,22,66.20
101.00,37.00,28.30,17.00,89.60,101.20,59.50,35.40,22.90,176.00,24,86.40
101.60,39.40,31.90,18.20,81.60,98.80,61.30,38.50,22.80,173.50,26,81.80
108.80,37.50,30.10,19.00,89.50,106.00,59.50,39.90,23.50,178.00,24,89.60
100.00,35.50,28.50,16.70,94.50,105.00,62.00,38.00,23.50,180.30,21,82.80
88.00,32.50,27.80,17.80,77.70,97.00,56.30,39.00,23.50,180.30,24,76.40
88.70,31.20,26.50,16.50,83.00,89.00,52.60,37.00,21.50,164.50,23,63.20
84.50,27.50,24.80,15.60,81.00,93.50,50.50,34.00,21.00,173.00,19,60.90
93.60,32.80,26.20,16.60,82.10,95.00,56.50,37.60,21.00,183.50,23,74.80
105.00,34.10,28.60,17.20,72.00,90.00,54.20,36.20,22.40,175.50,25,70.00
90.90,29.80,27.00,17.00,78.80,96.40,51.80,36.40,22.90,188.00,23,72.40
91.20,32.80,28.00,17.20,89.50,100.00,57.50,40.70,24.30,189.20,23,84.10
98.40,36.40,27.50,16.90,83.00,95.40,56.30,37.20,21.80,172.80,23,69.10
85.00,29.00,26.00,17.00,84.00,90.00,50.00,36.00,21.50,170.00,20,59.50
97.20,31.00,26.10,17.00,77.20,91.30,49.50,36.30,21.00,182.00,22,67.20
91.50,29.50,24.50,16.00,79.20,91.00,54.90,36.10,22.90,170.00,24,61.30
91.20,31.90,27.40,16.80,78.00,93.20,55.80,36.40,23.00,177.80,22,68.60
101.10,37.70,29.90,18.70,78.00,97.00,55.00,38.30,23.30,184.20,24,80.10
104.30,36.30,29.00,17.60,93.20,103.90,62.00,36.70,23.10,186.70,21,87.80
110.80,42.30,30.90,17.50,83.00,102.60,66.40,37.00,22.60,171.40,23,84.70
96.30,35.50,28.80,16.70,78.30,97.10,60.10,36.90,23.40,172.70,24,73.40
102.70,35.40,28.30,17.00,77.90,90.70,56.70,35.60,22.90,175.30,35,72.10
103.90,35.70,29.40,17.90,89.40,101.80,61.00,37.70,22.20,180.30,29,82.60
105.60,37.80,29.70,18.90,87.30,103.90,63.20,39.00,24.30,182.90,25,88.70
95.80,35.00,28.50,16.80,84.00,101.40,60.00,38.40,23.20,188.00,23,84.10
111.20,40.20,32.40,17.70,93.50,108.70,66.90,39.20,25.70,177.20,20,94.10
100.00,36.30,28.60,16.30,87.10,98.40,61.10,34.50,21.40,172.10,25,74.90
91.60,30.80,26.10,15.80,75.40,86.50,50.60,31.70,20.30,167.00,29,59.10
108.00,39.80,29.60,16.90,82.50,94.80,58.30,34.20,21.10,169.50,23,75.60
109.60,39.50,31.70,17.90,86.50,100.90,61.70,38.80,22.70,174.00,23,86.20
105.70,37.90,30.90,17.30,83.40,98.00,56.80,35.90,23.40,172.70,36,75.30
109.10,40.10,30.00,16.40,90.40,100.90,61.30,36.80,21.90,182.20,25,87.10
88.80,30.50,24.80,15.00,77.90,85.70,46.90,31.10,19.00,164.10,24,55.20
86.10,31.50,26.60,15.80,67.40,84.10,50.80,32.80,20.00,163.00,20,57.00
91.30,27.80,26.00,15.30,83.20,91.40,51.20,34.80,21.10,171.50,52,61.40
100.60,33.10,28.00,17.70,83.50,98.00,55.80,37.90,23.20,184.20,50,76.80
105.50,36.30,29.60,17.50,89.20,104.50,62.70,38.40,25.30,174.00,46,86.80
97.50,34.50,27.00,16.50,83.60,95.80,52.60,35.20,21.40,174.00,51,72.20
94.40,31.20,27.50,16.10,79.00,91.70,57.10,36.60,21.60,177.00,28,71.60
99.60,34.50,28.40,17.20,96.20,103.40,58.50,38.40,22.40,186.00,48,84.80
98.10,33.20,26.40,17.50,77.20,90.00,52.40,34.20,21.80,167.00,35,68.20
93.60,32.10,27.40,16.90,77.30,91.70,51.90,33.50,21.10,171.80,23,66.10
93.40,34.20,27.90,17.50,79.20,94.00,53.80,36.10,22.00,182.00,23,72.00
92.00,29.50,26.00,17.40,83.00,93.00,54.50,37.00,22.80,167.00,62,64.60
99.20,32.40,27.60,16.70,84.20,93.00,56.60,35.80,21.80,177.80,21,74.80
97.60,33.80,28.60,17.20,85.70,97.40,57.80,36.20,22.00,164.50,26,70.00
108.80,39.60,30.60,17.70,107.20,108.30,67.00,40.00,24.60,192.00,33,101.60
91.90,30.70,25.80,16.10,78.10,90.00,52.00,34.80,21.00,175.50,36,63.20
105.20,35.70,29.40,17.90,88.60,100.20,60.80,39.20,24.50,171.20,41,79.10
98.30,31.00,26.00,16.60,87.40,97.70,54.80,36.40,21.60,181.60,40,78.90
92.50,31.50,26.30,15.60,78.50,96.00,59.00,36.10,21.20,167.40,27,67.70
92.50,30.60,27.10,17.50,76.40,92.00,53.10,36.00,23.80,181.10,27,66.00
101.60,36.00,28.60,17.00,76.70,95.30,56.00,36.00,22.00,177.00,23,68.20
94.60,28.60,23.90,15.80,78.00,86.30,52.40,34.50,22.70,174.50,31,63.90
92.50,32.30,26.80,15.80,85.20,92.50,54.70,35.80,21.10,177.50,26,72.00
88.20,28.60,24.80,15.40,72.00,85.50,50.20,34.90,20.10,170.50,23,56.80
91.00,33.20,28.00,16.30,80.00,94.50,54.60,37.50,22.10,182.40,24,74.50
106.00,34.00,29.80,18.00,92.00,103.00,60.60,38.80,23.60,197.10,24,90.90
115.00,35.80,27.20,16.00,106.60,116.50,67.80,38.00,23.30,180.10,34,93.00
100.00,34.00,28.80,18.00,82.50,98.50,62.10,39.60,25.90,175.50,21,80.90
94.70,30.90,26.60,16.50,80.50,92.00,54.20,36.50,21.30,180.60,25,72.70
92.50,29.20,26.10,16.70,80.20,91.60,49.60,36.20,22.10,184.40,34,68.00
96.70,32.00,27.10,16.20,82.20,92.70,54.60,35.60,20.70,175.50,31,70.90
97.40,32.60,27.40,16.60,80.80,95.00,54.20,36.50,21.60,180.60,40,72.50
106.70,36.70,29.90,17.30,77.80,94.50,57.40,38.10,22.60,177.00,21,72.50
106.20,36.90,29.40,17.30,88.30,100.50,63.40,38.40,23.10,177.10,33,83.40
103.60,33.00,27.80,16.40,83.30,91.80,55.00,35.40,21.90,181.60,25,75.50
98.30,33.50,27.30,16.60,82.40,87.50,54.40,36.80,22.30,176.50,29,73.00
87.80,34.30,28.50,17.00,77.50,94.90,53.50,36.50,22.00,175.00,27,70.20
99.80,33.30,28.00,16.50,80.80,93.00,55.40,36.00,20.30,174.00,44,73.40
104.60,33.00,28.00,16.30,85.00,92.00,54.10,35.10,21.10,165.10,26,70.50
86.50,30.50,26.10,16.00,76.50,91.30,53.50,36.60,21.20,177.00,22,68.90
110.00,37.50,29.00,18.60,99.00,111.70,63.20,41.20,24.60,192.00,37,102.30
93.20,31.20,26.20,16.20,83.80,92.80,55.20,36.80,22.70,176.50,38,68.40
90.00,33.10,27.20,16.20,77.70,91.20,54.20,35.50,21.50,169.40,20,65.90
98.40,32.00,27.40,16.50,80.50,96.20,56.00,37.00,24.00,182.10,21,75.70
107.20,34.60,27.90,17.00,86.80,100.00,61.00,38.00,23.20,179.80,24,84.50
108.30,35.60,27.30,17.70,98.00,108.20,66.80,39.50,25.30,175.30,45,87.70
105.70,34.70,29.40,17.80,86.50,101.10,61.30,39.40,24.00,184.90,25,86.40
88.50,33.50,27.90,17.50,79.00,93.00,51.70,38.40,22.50,177.30,22,73.20
79.30,25.60,22.70,14.60,78.00,88.60,50.00,33.80,21.20,167.40,29,53.90
90.90,32.50,28.00,16.40,80.80,92.80,53.90,36.50,21.00,178.10,37,72.00
90.20,27.00,23.60,16.00,67.00,81.50,49.50,34.00,20.90,168.90,20,55.50
91.60,30.70,25.30,16.40,78.00,91.30,55.00,35.50,20.80,157.20,20,58.40
105.20,36.90,28.80,18.10,94.70,94.70,58.30,40.30,26.30,180.30,32,83.20
97.00,33.70,28.60,16.70,88.20,93.90,53.50,35.00,23.10,170.20,23,72.70
85.30,28.70,25.50,15.60,84.90,89.40,55.80,38.50,21.30,177.80,25,64.10
99.60,36.30,32.50,18.40,82.10,89.30,55.40,34.30,22.30,172.70,27,72.30
94.30,33.20,27.90,16.30,79.10,92.60,54.40,34.80,23.00,165.10,21,65.00
111.80,36.30,28.00,16.10,93.50,96.30,59.10,38.30,23.00,186.70,27,86.40
94.30,36.30,28.90,17.10,82.20,88.00,53.80,34.50,23.00,165.10,25,65.00
106.10,38.60,30.30,18.30,99.70,105.50,60.20,39.50,25.60,174.00,38,88.60
102.00,34.60,29.70,18.00,92.30,102.30,60.00,38.20,23.70,175.30,44,84.10
94.80,30.00,26.50,16.10,79.60,91.60,49.40,31.70,16.40,185.40,27,66.80
102.90,35.20,28.70,17.30,77.00,93.40,55.00,37.00,24.50,177.80,37,75.50
115.80,38.20,30.10,17.70,95.90,103.60,62.20,41.20,25.10,180.30,28,93.20
105.40,38.70,30.20,18.20,90.40,94.80,57.60,38.60,22.80,180.30,33,82.70
87.10,30.30,25.40,15.30,80.40,85.90,46.80,32.70,20.00,177.80,25,58.00
104.10,37.90,31.60,18.10,90.10,98.40,57.70,37.80,24.60,177.80,21,79.50
95.80,33.70,28.00,17.60,84.20,98.40,56.20,38.00,25.80,177.80,30,78.60
98.60,35.70,27.60,16.00,85.80,93.30,56.00,34.70,20.60,177.80,26,71.80
118.70,39.40,32.10,19.20,105.00,115.50,69.90,42.20,27.00,177.80,27,116.40
100.90,34.80,28.00,16.30,93.30,97.70,58.00,34.10,22.20,163.80,33,72.20
98.50,35.30,28.70,17.40,92.90,98.60,55.50,39.30,23.00,188.00,29,83.60
96.90,32.80,28.70,17.90,90.80,94.90,54.40,39.20,27.50,198.10,27,85.50
110.70,37.20,30.90,17.60,92.00,101.30,60.10,40.50,24.20,175.30,34,90.90
108.00,38.00,30.20,18.30,103.40,108.10,60.50,36.90,21.60,166.40,42,85.90
109.00,40.00,31.20,19.50,90.20,98.00,59.50,38.30,25.80,190.50,29,89.10
104.20,30.10,26.80,16.30,92.70,100.20,51.80,38.10,23.20,166.40,41,75.00
100.50,32.90,29.00,17.00,92.40,97.00,50.90,37.70,23.40,177.80,43,77.70
105.70,31.90,28.50,17.10,98.20,97.40,54.30,37.70,24.50,179.70,43,86.40
112.40,39.20,30.50,17.50,101.50,107.90,67.40,42.60,25.30,172.70,29,90.90
96.20,32.10,27.70,17.00,83.50,93.90,50.40,36.10,23.20,190.50,27,73.60
97.50,31.10,27.00,18.40,98.20,98.60,48.30,37.70,24.60,185.40,62,76.40
90.90,32.90,27.20,16.80,79.80,91.30,56.20,36.20,23.00,168.90,33,69.10
108.40,36.60,28.40,18.10,103.70,105.30,55.60,38.20,22.90,167.60,45,84.50
94.30,29.60,26.20,16.20,74.50,88.20,52.30,35.20,21.20,175.30,30,64.50
109.10,37.00,30.60,18.50,90.10,93.30,51.70,36.80,23.60,170.20,20,69.10
115.00,37.10,30.00,18.20,101.90,107.90,64.60,41.80,24.70,190.50,22,108.60
104.40,38.10,29.80,19.60,98.90,103.30,54.40,39.70,25.00,177.80,51,86.40
100.10,33.90,28.60,17.70,84.50,94.40,54.70,38.50,25.00,190.50,34,80.90
108.40,38.20,29.90,17.60,101.80,101.50,56.90,37.70,24.90,177.80,44,87.70
107.30,34.90,28.90,18.10,103.80,110.00,57.80,40.30,23.70,184.20,46,94.50
101.80,33.10,28.40,17.10,90.20,98.40,55.60,38.20,24.50,176.50,34,80.20
94.50,31.50,26.50,17.00,85.00,95.00,52.00,36.90,22.90,177.80,32,72.00
91.70,31.00,25.70,15.50,82.90,98.30,56.30,35.00,22.00,180.30,28,71.40
95.90,30.50,26.40,16.40,86.80,99.00,55.00,36.10,21.30,171.40,31,72.70
110.50,39.20,29.90,17.10,83.50,95.70,59.00,37.90,23.80,172.70,29,84.10
104.00,33.50,29.10,18.00,86.00,96.00,52.50,36.00,23.00,172.70,42,76.80
86.80,29.80,24.80,16.30,73.40,89.50,51.00,32.60,22.10,177.80,29,63.60
106.70,35.50,30.60,16.80,80.20,93.70,54.80,36.90,22.70,177.80,31,80.90
102.50,34.00,28.40,17.40,89.00,97.00,57.00,38.00,22.50,182.90,30,80.90
103.00,34.40,28.50,17.10,98.60,103.60,60.50,40.90,24.60,170.20,27,85.50
95.00,32.60,28.40,16.50,78.00,93.00,52.00,34.40,20.00,167.60,25,68.60
99.00,32.00,27.30,17.00,75.00,90.00,50.60,33.80,22.00,175.30,24,67.70
89.70,28.90,25.00,16.40,80.80,90.00,55.50,34.60,23.00,165.10,33,66.40
111.50,37.40,31.60,18.40,107.30,109.50,61.80,41.00,25.40,185.40,45,102.30
94.10,33.00,27.00,16.30,84.00,91.60,51.50,35.20,23.10,181.60,37,70.50
118.30,35.40,29.70,17.10,106.20,108.50,60.50,42.30,24.80,172.70,44,95.90
106.50,35.40,28.60,17.90,101.10,101.60,57.20,40.40,24.90,190.50,34,84.10
110.40,36.40,29.20,19.50,98.00,99.60,56.70,40.90,26.10,179.10,55,87.30
102.30,35.00,28.90,17.30,87.70,91.90,55.00,38.30,24.00,175.30,43,71.80
98.50,35.00,28.40,16.60,87.30,90.80,50.80,35.50,21.00,170.20,24,65.90
111.60,37.90,31.20,18.10,95.10,104.80,62.70,41.10,27.70,193.00,22,95.90
106.70,36.20,29.70,16.80,111.80,111.40,62.80,42.80,23.50,171.40,38,91.40
110.40,39.00,29.80,17.30,82.90,96.50,57.00,36.80,21.60,177.80,24,81.80
114.00,37.20,31.40,17.90,103.80,108.10,61.30,41.90,26.40,177.80,29,96.80
101.80,34.20,28.50,17.30,90.10,95.30,54.80,36.60,22.80,167.60,25,69.10
109.60,35.90,27.80,16.50,94.70,104.30,59.00,37.70,23.20,167.60,37,82.70
100.70,33.80,27.70,18.20,87.20,96.30,54.20,36.40,23.80,180.30,30,75.50
104.30,35.50,29.70,18.30,89.60,98.80,54.80,37.70,23.70,182.90,26,79.50
104.20,33.00,25.40,15.90,84.00,93.20,55.00,35.60,22.80,176.50,35,73.60
107.40,38.30,31.20,18.80,89.40,106.70,60.90,39.00,25.80,186.70,29,91.80
101.00,33.50,27.70,18.00,91.10,99.90,56.80,38.70,29.30,188.00,30,84.10
103.00,33.30,27.70,17.10,91.30,103.80,56.60,37.10,22.60,188.00,37,85.90
107.20,35.30,26.90,17.10,94.70,107.10,59.20,36.60,22.00,177.80,34,81.80
99.00,34.00,28.30,18.10,91.00,100.00,57.50,40.90,26.40,174.00,28,82.50
100.30,36.10,29.40,18.70,89.40,103.90,59.80,37.00,24.30,177.80,27,80.50
100.20,34.60,25.80,16.30,88.70,95.30,52.50,35.60,21.80,171.40,32,70.00
99.80,34.30,29.00,17.30,92.60,99.50,59.20,36.50,24.50,185.40,28,81.80
107.50,35.60,28.50,17.50,88.40,107.00,56.90,37.00,23.00,185.40,22,84.10
110.10,36.80,29.00,17.90,91.90,101.70,58.00,36.90,24.20,188.00,44,90.50
107.00,36.70,28.60,16.80,97.50,103.80,61.00,38.40,24.40,188.00,25,91.40
105.60,33.60,26.90,17.10,100.70,100.60,55.30,37.80,23.90,182.90,49,89.10
103.60,33.70,29.00,17.70,99.90,103.60,57.50,38.70,24.30,176.50,54,85.00
97.10,30.70,25.70,16.70,88.10,91.20,51.70,33.90,21.20,175.30,49,69.10
109.80,35.80,28.70,17.50,92.30,95.20,52.40,32.50,23.70,175.30,60,73.60
103.30,32.50,27.80,17.70,94.50,98.20,53.70,36.00,22.00,188.00,42,80.50
103.70,33.90,27.30,17.50,93.80,97.10,53.10,35.70,22.60,188.00,52,82.70
108.50,36.60,29.90,18.10,88.90,97.50,58.80,34.20,22.00,175.30,23,86.40
97.80,32.20,26.40,16.40,89.50,94.90,51.70,34.40,22.00,170.50,33,67.70
112.70,35.70,27.80,16.40,105.90,106.30,56.90,37.30,22.70,179.10,46,92.70
111.40,36.50,30.50,18.80,102.90,105.80,57.80,39.00,25.70,177.80,43,93.60
95.10,32.80,25.30,17.10,92.90,96.70,54.60,36.60,23.50,175.30,56,70.90
100.20,35.70,29.20,17.90,92.40,96.40,53.80,38.40,25.60,182.90,21,75.00
106.30,37.10,27.80,15.90,111.70,118.70,70.00,37.50,25.70,170.80,18,93.20
109.50,39.40,29.90,17.20,96.20,104.30,63.50,37.40,24.30,188.00,21,93.20
106.30,34.40,28.60,17.10,93.90,95.90,53.60,35.00,21.70,180.30,45,77.70
91.50,28.70,25.00,16.20,85.70,89.20,48.50,35.40,23.00,177.80,22,61.40
104.90,34.00,29.20,17.40,104.40,101.70,56.40,39.30,24.30,185.40,55,94.10
109.60,39.40,29.80,17.00,92.00,95.10,52.50,34.50,22.00,168.90,42,75.00
102.50,31.50,26.50,16.60,84.50,105.00,56.00,38.50,21.30,185.40,29,83.60
101.20,35.20,28.90,17.50,90.80,101.30,62.50,40.60,23.00,180.30,40,85.50
98.70,35.70,29.20,17.20,78.60,92.00,56.50,36.40,22.00,174.00,24,73.90
96.00,30.30,25.00,16.70,80.50,89.50,52.00,36.00,22.40,167.60,62,66.80
104.20,36.50,31.10,17.90,89.60,100.50,60.70,40.70,22.90,182.90,26,87.30
103.00,36.00,28.00,17.50,88.50,94.00,55.00,36.50,21.80,160.00,35,72.30
107.00,34.40,28.90,17.00,95.50,104.50,56.60,40.00,24.00,180.30,37,88.60
101.00,35.40,29.00,17.50,82.00,98.00,59.00,38.00,23.60,167.60,34,75.50
112.10,35.50,28.80,17.10,97.80,107.40,60.50,42.90,25.70,186.70,25,101.40
103.40,34.80,30.10,17.00,92.70,112.20,66.20,45.70,26.90,175.30,30,91.10
100.30,32.60,27.20,17.90,80.40,94.30,51.00,36.10,22.50,175.30,32,67.30
95.70,33.60,27.30,17.80,94.70,106.80,60.60,37.50,26.20,175.90,27,77.70
108.00,36.80,29.30,16.70,92.40,100.30,56.50,37.50,23.40,175.30,42,81.80
101.00,34.00,27.10,16.60,86.90,101.80,57.00,39.40,23.70,179.10,44,75.50
98.60,32.30,27.90,18.10,102.10,106.70,57.80,41.80,27.70,181.60,46,84.50
101.60,36.50,31.00,17.70,82.00,98.40,58.10,38.00,25.30,177.80,19,76.60
99.00,33.50,28.30,17.40,90.80,101.30,56.00,37.70,25.20,182.90,43,85.00
116.70,37.40,28.90,17.10,102.90,107.90,57.70,37.80,24.10,177.80,28,102.50
105.00,36.20,27.00,15.80,85.80,92.70,51.80,33.90,20.30,184.20,39,77.30
95.10,31.20,25.90,17.10,84.10,94.30,52.70,37.40,24.50,179.10,30,71.80
106.70,36.20,28.70,17.50,94.70,104.60,60.80,37.70,22.60,176.50,36,87.90
116.60,42.30,31.90,18.90,93.10,103.30,58.00,39.90,25.50,188.00,48,94.30
103.50,34.50,27.70,16.40,90.50,96.70,55.20,37.30,22.50,174.00,48,70.90
90.40,28.00,25.20,15.10,83.70,97.90,51.80,37.50,21.30,167.60,53,64.50
107.50,34.30,27.60,16.70,88.60,97.50,53.70,36.00,23.30,170.20,45,77.30
100.80,32.50,27.10,16.60,82.50,97.70,53.30,35.40,22.70,167.60,39,72.30
104.20,35.80,29.40,17.00,93.60,102.50,58.00,39.00,23.00,188.00,43,87.30
104.90,35.00,29.30,18.10,99.20,103.30,55.30,35.90,23.50,174.00,65,80.00
112.80,38.50,28.70,17.10,96.90,100.90,54.90,35.90,22.10,176.50,45,82.30
95.70,32.20,25.30,16.30,89.60,94.80,51.90,33.40,21.40,180.30,37,73.60
104.90,32.90,26.50,17.80,90.80,96.60,55.00,35.60,22.50,167.60,55,74.10
109.10,38.50,30.10,19.60,91.00,98.10,55.70,37.20,23.40,188.00,33,85.90
105.40,38.30,28.60,17.30,87.40,95.50,56.80,35.00,23.30,180.30,25,73.20
104.30,35.00,26.70,17.30,99.40,100.40,59.10,35.50,22.60,167.60,35,76.30
100.50,32.10,26.70,18.40,79.30,92.00,51.70,33.20,23.70,183.00,28,65.90
111.80,40.40,31.70,19.40,92.70,101.50,59.50,36.70,25.50,183.00,26,90.90
109.50,36.50,29.10,18.90,96.50,103.30,57.70,34.60,25.10,179.10,43,89.10
101.20,34.20,29.20,18.30,82.30,87.60,50.10,34.10,23.10,170.20,30,62.30
103.30,35.20,29.40,17.30,90.80,97.90,55.20,34.90,23.50,177.80,26,82.70
101.60,34.00,28.40,16.30,91.00,95.90,50.90,35.00,21.10,179.10,51,79.10
103.10,34.80,27.50,16.70,99.00,111.80,62.30,41.70,24.30,190.50,30,98.20
104.60,38.60,32.00,18.10,85.70,99.90,63.30,38.40,25.40,177.80,24,84.10
104.30,36.40,30.40,18.40,87.80,103.30,59.70,39.30,27.70,180.30,35,83.20
95.90,34.00,28.20,17.00,88.00,100.60,57.80,36.30,25.20,180.30,37,83.20
83.00,24.30,20.50,13.50,79.00,92.00,53.50,32.00,21.00,161.20,22,51.60
78.50,27.80,24.00,15.00,70.50,90.50,57.70,38.50,22.50,167.50,20,59.00
75.00,24.00,22.00,14.00,66.50,91.00,53.00,32.50,19.00,159.50,19,49.20
86.50,28.00,24.00,15.00,91.00,99.50,61.50,35.20,23.00,157.00,25,63.00
91.00,26.90,22.70,14.50,80.50,91.50,55.00,33.00,19.90,155.80,21,53.60
79.50,26.50,22.50,14.50,78.50,94.00,54.00,34.00,23.00,170.00,23,59.00
77.00,24.10,22.00,13.90,64.00,85.50,49.50,32.50,19.00,159.10,26,47.60
88.00,29.20,26.20,16.80,87.00,104.00,64.00,38.50,22.00,166.00,22,69.80
85.00,29.00,23.40,15.20,92.00,104.10,65.30,35.30,21.60,176.20,28,66.80
98.80,33.60,26.60,16.30,103.50,108.10,61.10,37.20,22.60,160.20,40,75.20
79.00,24.80,21.00,13.80,74.00,90.30,52.00,32.20,19.90,172.50,32,55.20
77.60,25.40,22.60,15.30,71.80,91.60,53.00,34.00,20.50,170.90,25,54.20
85.00,25.90,22.90,14.40,81.50,94.40,55.80,36.10,20.90,172.90,25,62.50
76.70,24.00,20.50,13.20,74.10,80.90,48.80,30.80,17.90,153.40,29,42.00
76.70,25.60,21.60,13.80,69.00,87.70,54.00,34.40,19.10,160.00,22,50.00
82.00,26.00,21.80,14.00,69.00,88.50,54.50,33.50,21.00,147.20,25,49.80
79.00,23.50,21.00,14.50,79.00,88.50,51.20,32.50,18.50,168.20,23,49.20
89.50,31.00,26.50,17.00,92.00,101.00,61.50,38.60,23.80,175.00,37,73.20
73.50,24.60,20.60,13.20,68.30,88.50,54.00,29.00,19.00,157.00,19,47.80
90.00,28.70,24.90,15.90,80.50,99.00,59.00,37.00,20.60,167.60,23,68.80
80.00,27.00,23.00,13.80,78.30,91.00,53.50,32.00,22.00,159.50,25,50.60
94.50,32.50,26.80,16.60,94.20,110.20,69.00,40.50,23.00,175.00,26,82.50
83.80,25.90,23.20,14.50,82.50,94.20,54.10,34.30,19.40,166.80,24,57.20
95.20,34.40,28.30,17.60,91.20,111.00,68.00,40.10,24.20,176.50,29,87.80
91.00,31.50,26.50,16.00,85.00,103.00,62.00,38.20,23.00,170.20,22,72.80
80.00,24.60,22.30,15.20,76.50,90.00,51.10,35.20,20.90,174.00,30,54.50
81.70,26.30,22.60,15.00,81.50,96.00,57.90,37.20,21.00,173.00,23,59.80
89.60,27.40,23.40,15.60,86.30,93.70,56.40,37.00,21.30,179.90,38,67.30
90.90,29.50,25.30,15.60,83.50,101.50,59.90,35.40,21.30,170.50,23,67.80
78.50,24.50,22.50,14.50,73.00,82.50,49.50,32.50,20.50,160.00,19,47.00
78.00,23.20,21.20,14.00,69.80,89.00,53.00,33.00,20.50,154.40,46,46.20
80.20,26.40,23.10,14.90,78.90,93.90,57.10,35.00,20.10,162.00,20,55.00
99.00,31.60,26.60,15.90,92.50,106.40,65.60,39.60,23.30,176.50,22,83.00
80.00,25.00,22.20,14.40,78.00,92.00,52.50,33.00,20.50,160.00,25,54.40
75.50,24.50,20.50,14.00,76.70,86.00,51.00,31.50,20.00,152.00,21,45.80
82.60,27.00,23.60,15.60,70.50,89.10,55.80,33.60,20.00,162.10,23,53.60
94.50,31.00,25.40,16.10,94.20,104.10,61.50,37.20,22.30,170.00,31,73.20
83.90,26.20,23.20,14.60,76.10,88.00,52.20,33.20,21.20,160.20,29,52.10
92.80,31.00,24.90,15.30,88.60,102.60,64.30,35.50,21.50,161.30,19,67.90
85.30,27.80,23.90,15.20,74.40,95.90,53.70,35.60,21.90,166.40,21,56.60
84.40,28.50,23.70,15.10,79.70,98.80,59.20,35.90,20.00,168.90,23,62.30
87.60,29.60,24.50,15.20,82.70,93.50,57.00,37.10,20.60,163.80,24,58.50
81.00,26.30,23.00,14.30,73.00,92.90,55.80,32.30,18.80,167.60,20,54.50
84.10,26.50,23.50,15.00,75.00,86.90,52.10,32.30,18.90,160.00,19,50.20
88.20,27.00,24.30,15.10,80.00,94.90,57.20,34.90,22.00,161.30,20,60.30
88.10,27.70,24.50,15.70,75.80,95.30,55.70,33.10,21.20,167.60,19,58.30
84.90,27.70,24.20,14.70,75.50,93.30,57.40,35.10,21.00,165.10,20,56.20
81.20,25.30,22.70,13.80,75.40,90.00,54.00,32.60,19.80,160.00,19,50.20
91.60,28.30,25.20,15.30,96.50,99.30,60.70,35.00,21.40,170.00,22,72.90
88.40,29.00,24.80,14.30,87.30,95.60,59.20,34.30,21.90,157.50,39,59.80
87.60,28.50,24.10,15.50,80.70,95.80,56.60,35.60,20.70,167.60,18,61.00
91.30,30.00,23.10,14.60,97.90,104.60,62.70,36.30,21.00,160.70,19,69.10
87.20,28.00,24.20,15.50,75.90,92.20,53.10,34.00,20.70,163.20,26,55.90
82.20,23.70,21.60,14.60,66.00,80.70,50.30,30.50,20.70,152.40,20,46.50
82.10,25.80,23.90,14.60,73.60,98.10,56.80,33.70,20.30,157.50,20,54.30
82.60,27.10,23.10,14.40,73.00,89.60,54.90,33.20,20.70,168.30,26,54.80
86.50,26.00,22.60,14.60,89.20,94.00,57.00,35.90,19.70,180.30,21,60.70
85.30,24.90,22.80,14.90,74.90,94.70,55.70,34.90,20.10,165.50,21,60.00
84.70,28.00,23.00,14.60,86.10,94.10,54.60,33.50,20.00,165.00,38,62.00
86.80,25.40,23.40,15.10,76.50,93.70,55.70,35.90,21.50,164.50,23,60.30
85.20,26.60,22.70,15.30,76.30,86.70,51.50,31.60,19.60,156.00,37,52.70
93.90,31.30,26.80,15.90,93.20,105.90,65.50,38.10,21.70,160.00,19,74.30
84.50,28.00,23.00,15.00,80.50,97.50,59.50,34.00,20.60,163.00,25,62.00
90.70,29.50,26.60,15.90,79.80,105.30,65.80,38.80,24.30,165.70,20,73.10
97.40,34.30,26.50,16.40,104.20,102.60,57.50,38.30,22.90,161.00,41,80.00
83.30,27.70,23.20,14.10,68.20,91.60,55.30,33.00,18.90,162.00,26,54.70
82.10,24.60,21.40,14.30,70.60,83.90,51.50,34.00,20.90,166.00,21,53.20
92.20,29.80,24.60,16.60,101.40,108.10,65.00,38.10,20.70,174.00,47,75.70
83.60,26.40,23.30,15.60,86.20,99.10,57.50,38.50,22.10,172.70,19,61.10
82.60,26.40,23.80,14.70,74.80,89.30,53.70,34.00,19.10,167.60,44,55.70
77.00,26.30,23.10,14.20,74.00,89.90,53.60,33.30,19.00,151.10,35,48.70
79.30,24.20,22.40,14.70,75.50,85.80,51.60,32.50,18.40,164.50,32,52.30
84.30,26.90,23.00,15.00,74.00,85.80,51.00,32.80,19.70,163.50,46,50.00
85.60,28.00,23.60,15.40,74.00,96.00,61.50,35.40,21.30,152.00,22,59.30
85.00,30.40,25.20,15.90,82.00,98.70,60.30,35.70,21.80,169.00,49,62.50
79.10,24.70,21.70,15.00,82.50,94.90,54.00,37.40,21.00,164.00,52,55.70
85.00,29.40,23.10,14.40,77.70,90.50,56.10,33.20,20.30,161.20,25,54.80
79.00,26.40,22.50,15.00,79.20,86.60,48.50,32.20,20.20,155.00,48,45.90
96.20,30.20,25.90,16.20,93.40,103.00,59.60,37.00,23.20,170.00,41,70.60
86.00,29.80,25.00,16.20,76.20,97.90,59.80,36.80,21.80,176.20,18,67.20
89.80,30.10,26.20,16.40,80.20,98.10,62.00,40.90,23.30,170.00,30,69.40
84.50,27.00,23.40,14.60,70.60,94.80,56.50,34.40,21.60,162.50,20,58.20
88.20,28.60,25.20,16.20,77.60,96.50,57.60,37.00,22.20,170.30,24,64.80
99.50,31.10,26.60,16.20,87.50,103.00,64.80,35.20,21.80,164.10,23,71.60
76.10,24.30,22.30,14.40,70.80,86.80,52.60,34.20,20.20,169.50,30,52.80
85.80,27.00,23.20,15.80,70.50,89.30,57.40,36.80,22.10,163.20,23,59.80
82.00,26.00,21.40,14.40,77.20,89.50,53.40,34.00,21.40,154.50,45,49.00
77.50,25.60,22.40,14.00,74.50,88.40,53.40,30.90,19.10,159.80,20,50.00
85.70,28.00,24.20,15.60,82.00,100.50,60.40,36.60,21.80,173.20,20,69.20
78.80,27.10,22.80,15.00,78.80,94.00,56.40,35.40,21.00,170.00,23,55.90
88.00,28.40,22.60,14.80,90.00,101.30,63.10,37.60,21.70,161.40,21,63.40
80.20,27.00,22.20,15.60,78.30,95.50,54.70,36.00,22.20,169.00,28,58.20
85.60,28.50,24.40,15.40,75.50,95.30,57.60,35.20,21.80,166.20,45,58.60
81.30,26.60,22.20,14.00,66.40,84.10,49.00,33.60,19.60,159.40,24,45.70
84.60,26.60,23.30,14.20,77.90,91.00,53.40,32.70,19.40,162.50,25,52.20
82.20,24.40,22.10,14.80,68.70,83.90,52.80,32.40,21.00,159.00,19,48.60
84.90,28.20,23.80,15.00,78.60,93.10,55.20,34.60,21.50,162.80,20,57.80
81.50,27.40,23.00,15.60,84.60,92.30,55.40,34.50,21.60,159.00,29,55.60
89.90,27.00,24.20,16.20,79.90,97.10,59.00,37.20,23.20,179.80,24,66.80
89.80,28.20,25.20,15.40,85.70,97.50,58.20,34.20,20.40,162.90,24,59.40
80.80,26.50,22.60,14.40,79.80,92.00,57.40,31.00,20.40,161.00,25,53.60
88.40,33.80,24.60,14.40,85.60,112.10,75.70,38.20,22.00,151.10,31,73.20
80.20,25.20,22.40,14.60,77.00,89.90,53.30,34.20,19.00,168.20,22,53.40
89.50,29.60,23.90,15.10,95.00,104.90,63.20,37.60,22.00,168.90,20,69.00
83.70,26.20,22.10,14.60,83.00,94.20,58.00,32.20,19.90,173.20,32,58.40
82.50,27.30,23.60,15.30,75.00,90.40,53.20,35.90,23.80,171.80,25,56.20
85.50,26.50,24.20,15.80,84.50,99.50,60.80,40.50,23.20,178.00,19,70.60
88.30,28.20,23.60,15.50,87.10,98.70,59.20,35.60,20.80,164.30,23,59.80
91.50,29.50,25.20,15.80,82.50,103.50,64.80,39.20,21.80,163.00,22,72.00
92.20,30.80,25.40,16.00,82.80,100.00,59.60,37.00,23.00,168.50,20,65.20
80.50,27.40,23.80,15.20,81.00,95.20,56.20,35.40,21.30,166.80,27,56.60
108.00,40.30,30.80,18.20,105.50,114.00,70.00,45.60,25.80,172.70,34,105.20
80.00,27.10,23.20,14.20,75.20,91.20,53.60,34.60,20.30,163.50,25,51.80
89.50,30.00,24.40,16.00,81.00,93.80,58.00,35.90,22.00,169.40,26,63.40
84.90,26.40,22.60,14.50,81.00,92.00,56.20,35.40,21.00,167.80,19,59.00
80.80,24.80,21.50,14.00,75.40,85.80,53.80,33.00,20.00,159.50,26,47.60
81.00,27.20,25.30,15.80,75.90,95.40,58.50,37.50,23.20,167.60,25,63.00
88.70,29.00,23.80,15.00,76.80,88.40,56.00,33.90,20.50,161.20,20,55.20
74.50,22.40,19.60,13.20,65.30,84.50,51.50,30.40,17.40,160.00,21,45.00
81.90,26.00,23.20,15.20,64.20,91.70,53.30,36.00,21.20,163.20,18,54.00
75.80,26.40,21.80,14.40,72.90,87.40,54.00,34.50,20.70,162.20,19,50.20
88.00,29.50,25.30,16.60,76.70,95.90,56.60,36.80,22.40,161.30,27,60.20
72.60,25.00,20.70,13.10,67.20,84.30,52.20,31.70,20.10,149.50,26,44.80
88.00,28.40,24.60,16.00,79.50,96.50,56.30,35.60,21.80,157.50,36,58.80
86.00,27.40,23.80,14.90,73.20,91.80,54.40,35.00,20.20,163.20,20,56.40
85.50,28.00,23.30,15.60,86.10,101.00,59.60,36.10,21.60,172.70,28,62.00
80.40,25.60,20.70,13.40,85.00,92.60,54.80,32.70,18.90,155.00,32,49.20
98.10,32.10,25.80,15.80,90.10,95.20,53.80,34.70,21.50,156.50,32,67.20
82.00,26.60,23.20,14.80,74.10,96.00,53.70,35.20,21.00,164.00,23,53.80
89.00,27.60,23.80,14.60,80.30,89.90,52.60,33.20,21.30,160.90,20,54.40
85.80,28.40,23.60,13.80,85.00,92.70,57.30,34.20,19.80,162.80,20,58.00
85.90,28.90,23.10,15.00,77.20,94.10,56.20,35.00,20.00,167.00,20,59.80
82.50,27.80,24.00,14.60,74.90,93.80,54.20,35.30,22.00,160.00,23,54.80
74.50,23.20,20.80,13.80,65.50,78.80,46.30,31.60,18.60,160.00,20,43.20
89.40,26.80,22.00,15.30,80.60,96.00,56.90,33.80,21.10,168.90,28,60.50
80.30,25.00,22.20,14.20,73.30,84.90,50.80,31.60,18.80,158.20,23,46.40
85.60,28.40,23.50,14.40,82.00,97.50,63.00,39.10,20.40,156.00,19,64.40
83.00,24.10,22.00,14.40,72.00,86.00,53.00,30.00,20.40,160.00,28,48.80
88.20,30.10,25.20,16.00,81.20,96.80,59.80,35.80,21.70,167.10,19,62.20
85.50,28.30,21.90,13.90,82.40,93.50,57.50,33.10,19.00,158.00,29,55.50
80.60,28.20,23.80,15.50,75.00,93.00,55.60,35.60,22.00,167.60,32,57.80
81.00,26.80,23.80,15.20,73.20,90.20,54.80,34.70,21.40,156.00,20,54.60
83.60,30.50,24.30,15.70,78.50,91.90,56.80,35.80,20.40,162.10,28,59.20
79.40,24.70,22.40,14.50,73.00,88.50,53.60,33.50,19.40,173.40,36,52.70
82.90,30.20,24.20,14.80,73.90,90.20,56.40,34.10,20.60,159.80,22,53.20
83.20,27.20,22.80,14.80,80.90,97.60,62.20,38.60,20.60,170.50,20,64.50
78.10,25.20,23.00,13.40,75.90,95.00,55.90,32.30,20.30,159.20,22,51.80
82.40,27.20,23.20,14.60,81.60,98.00,61.40,35.60,20.10,157.50,32,56.00
90.00,27.80,23.40,14.10,95.20,97.40,61.70,36.00,23.80,161.30,40,63.60
92.40,29.60,24.60,15.60,91.50,98.20,55.30,34.30,20.70,162.60,40,63.20
86.70,31.00,23.70,14.20,90.80,100.00,59.40,35.70,20.90,160.00,42,59.50
84.00,26.40,23.10,14.70,76.80,95.50,52.80,34.60,20.40,168.90,40,56.80
86.00,29.10,24.20,15.00,91.90,101.90,62.00,37.20,19.90,165.10,44,64.10
84.50,27.40,23.70,14.60,81.00,87.60,51.60,32.40,20.30,162.60,30,50.00
91.20,31.40,25.00,15.40,98.20,102.60,61.50,37.60,24.30,165.10,28,72.30
81.10,26.80,22.30,14.50,82.30,90.40,53.30,34.20,21.50,166.40,37,55.00
87.60,28.20,23.80,14.70,84.20,92.00,54.30,33.00,18.80,160.00,40,55.90
88.20,29.90,24.10,15.10,97.40,102.20,60.10,33.80,21.00,152.40,45,60.40
88.20,27.30,23.10,14.70,96.30,106.70,62.00,34.60,23.50,170.20,35,69.10
104.20,35.70,28.60,17.30,111.10,109.80,67.70,41.50,22.30,162.60,41,84.50
84.80,26.60,22.80,14.10,78.00,89.10,52.60,32.50,21.20,170.20,27,55.90
84.30,27.90,23.70,15.10,85.30,93.00,53.90,35.50,21.90,158.80,20,55.50
91.00,31.50,24.80,14.60,90.70,98.60,62.70,37.20,20.30,172.70,24,69.50
90.50,31.30,25.00,14.60,111.70,112.10,64.30,35.50,21.00,167.60,36,76.40
89.60,27.20,24.30,14.60,92.70,95.00,56.80,36.20,20.10,162.60,27,61.40
89.30,30.30,23.80,15.10,98.90,100.20,57.80,37.30,22.50,167.60,32,65.90
90.00,28.10,23.30,14.90,92.70,101.20,57.40,33.90,21.20,156.20,64,58.60
88.20,31.00,26.60,16.00,86.90,100.80,60.20,36.60,22.20,175.20,21,66.80
83.50,25.20,21.70,15.00,83.00,96.50,52.40,33.70,21.00,172.10,32,56.60
91.00,29.70,24.10,14.60,85.90,93.20,55.40,34.80,21.50,162.60,35,58.60
88.20,30.00,22.20,13.70,94.70,95.80,58.50,34.60,19.90,160.00,41,55.90
82.20,27.80,23.60,15.40,81.80,97.60,59.00,35.90,22.60,165.10,40,59.10
98.90,31.90,26.00,16.00,108.60,108.30,63.00,38.10,24.50,182.90,29,81.80
97.90,32.00,25.70,15.50,98.00,102.40,59.90,37.60,21.60,166.40,40,70.70
81.70,28.00,21.10,14.40,85.00,94.30,56.40,32.10,21.00,165.10,24,56.80
86.10,26.00,22.60,15.00,85.30,96.50,55.10,33.90,21.80,177.80,23,60.00
87.10,28.10,24.00,16.00,88.30,94.00,56.10,33.10,22.10,165.10,41,58.20
76.80,31.40,26.20,16.20,106.30,106.20,61.70,39.60,24.80,175.30,44,72.70
87.90,31.20,23.00,15.10,93.80,98.60,55.50,32.30,20.30,154.90,53,54.10
81.60,25.40,22.40,14.80,77.40,89.30,51.60,33.80,21.00,158.80,19,49.10
92.30,31.70,26.30,15.60,100.90,106.90,65.50,38.50,22.80,172.70,24,75.90
81.30,25.10,23.10,14.60,80.80,91.90,53.40,34.60,21.40,168.90,25,55.00
82.20,28.40,22.90,14.80,80.20,89.10,55.40,33.60,19.70,161.30,20,57.30
78.60,27.40,22.40,14.80,84.50,95.50,57.30,35.10,20.40,167.60,34,55.00
94.30,28.30,23.00,14.70,93.90,101.10,61.60,36.50,21.90,165.10,32,65.50
89.50,29.30,25.00,16.40,89.60,98.90,55.00,35.60,22.50,175.30,24,65.50
81.00,26.90,22.50,15.20,73.70,83.30,50.20,31.70,20.50,157.50,29,48.60
85.40,29.80,24.70,15.40,84.00,94.00,57.30,32.70,21.70,163.80,31,58.60
86.20,28.40,24.30,14.90,96.00,100.10,60.70,34.70,20.90,167.60,34,63.60
85.30,27.70,24.40,14.90,88.00,93.80,54.70,32.70,19.60,165.10,36,55.20
86.10,27.40,22.40,14.50,91.90,103.90,57.50,36.30,23.40,165.10,32,62.70
84.50,24.20,23.30,14.80,78.30,93.50,52.50,32.80,22.00,168.90,39,56.60
72.60,23.10,21.00,13.00,82.90,90.20,52.50,35.50,20.30,162.60,37,53.90
90.00,30.50,23.70,14.80,97.20,100.20,57.90,36.30,20.50,164.50,52,63.20
95.80,29.70,24.50,15.30,105.20,109.50,68.30,40.30,22.40,176.50,24,73.60
85.50,27.20,22.60,14.60,86.90,97.60,58.80,38.30,21.00,168.90,33,62.00
85.70,29.30,24.20,15.40,92.10,96.90,57.90,36.50,20.30,175.30,42,63.60
85.40,26.90,22.30,13.70,85.90,90.30,54.70,32.80,18.70,159.40,34,53.20
79.10,26.80,22.90,14.60,85.00,94.80,57.40,32.20,19.20,160.00,37,53.40
84.40,26.70,23.70,14.60,84.90,92.70,54.40,33.50,20.20,170.20,39,55.00
90.00,28.70,25.90,15.60,95.80,108.40,68.50,40.50,23.30,162.60,41,70.50
82.90,25.00,21.00,13.60,86.90,94.70,52.90,31.60,19.30,167.60,36,54.50
87.30,28.90,23.80,15.50,83.30,90.60,54.40,33.90,20.80,162.60,19,54.50
85.30,27.30,24.30,14.20,76.70,90.80,56.40,33.10,20.70,160.70,22,55.90
87.30,29.90,23.70,16.30,91.10,96.70,55.60,35.30,23.00,160.00,23,59.00
93.20,31.00,23.60,14.30,98.00,101.20,61.20,34.60,20.00,157.50,36,63.60
84.70,28.90,24.40,15.30,84.50,94.70,54.80,34.70,22.50,162.60,45,54.50
78.00,26.80,22.70,14.70,79.20,87.00,49.50,33.20,18.80,152.40,25,47.30
90.70,31.50,25.40,16.30,96.30,103.60,59.90,35.70,21.10,170.20,67,67.70
95.00,34.20,28.30,15.60,100.50,107.50,67.40,40.90,23.40,165.10,26,80.90
88.70,29.50,24.60,15.50,87.80,96.10,61.10,39.10,26.00,172.70,21,70.50
86.60,27.60,23.70,15.30,86.20,97.60,55.60,34.90,21.10,165.10,33,60.90
82.50,26.70,23.30,14.20,86.40,100.20,59.00,33.50,19.60,170.20,25,63.60
81.40,24.20,21.20,15.00,78.50,91.60,54.60,33.00,20.20,170.20,24,54.50
79.90,25.50,23.20,14.80,79.70,94.70,56.50,36.70,22.00,170.20,21,59.10
91.10,32.80,24.80,15.50,98.30,107.00,64.50,36.50,23.90,161.30,35,70.50
80.10,24.40,22.00,14.00,72.50,86.30,51.50,32.00,21.00,167.60,27,52.70
86.40,28.30,24.90,15.30,86.70,97.80,58.50,35.50,21.40,167.60,27,62.70
105.20,30.30,25.20,16.40,106.50,107.90,63.10,39.20,23.10,165.10,26,86.30
91.10,30.40,24.80,15.50,94.40,103.30,60.50,36.80,21.80,162.60,25,66.40
96.70,31.20,25.80,14.60,94.10,94.90,54.80,34.40,21.80,152.40,44,67.30
80.50,27.00,24.30,15.90,77.70,95.10,56.30,36.20,23.70,168.90,29,63.00
90.40,32.80,27.00,16.50,95.40,104.90,63.10,39.40,23.00,170.20,26,73.60
84.10,26.60,23.70,15.10,83.70,96.30,57.00,35.60,21.70,175.20,23,62.30
84.20,25.80,23.00,14.70,81.40,90.40,53.20,34.50,19.20,175.20,32,57.70
82.50,28.80,24.70,15.80,81.80,92.80,56.20,33.00,21.70,160.00,32,55.40
106.90,35.90,30.60,17.80,121.10,128.30,72.30,49.00,24.10,165.10,43,104.10
79.90,25.70,21.90,13.90,74.00,87.60,51.60,31.70,18.50,174.00,32,55.50
93.00,34.10,27.60,16.30,98.80,107.20,63.00,38.80,22.20,170.20,41,77.30
96.30,31.70,25.50,16.30,107.40,112.00,69.40,39.40,23.70,160.00,33,80.50
86.80,31.10,24.40,14.20,85.70,94.00,59.20,35.90,21.20,167.60,28,64.50
95.30,29.90,24.90,15.50,90.90,102.70,63.00,38.70,21.30,167.60,28,72.30
93.00,28.80,23.20,14.80,89.00,92.00,54.70,35.00,20.50,167.60,25,61.40
86.40,29.30,23.10,14.40,86.70,98.40,59.10,35.60,22.50,154.90,38,58.20
109.00,35.70,25.60,15.00,110.50,103.50,57.80,34.80,19.50,162.60,37,81.80
86.20,27.00,22.30,15.00,85.30,96.70,56.20,37.00,21.60,175.30,25,63.60
85.30,24.40,22.10,14.10,86.20,90.60,51.70,33.90,19.90,171.40,37,53.40
84.20,24.90,22.30,13.40,79.30,92.00,53.40,32.50,21.70,157.50,27,54.50
83.70,25.60,23.00,14.60,84.10,90.40,52.40,34.50,21.70,165.10,27,53.60
86.50,27.30,24.00,14.60,87.50,96.70,59.30,36.00,21.40,160.00,20,60.00
98.20,29.90,25.00,16.20,86.00,94.90,59.10,37.70,23.70,174.00,19,73.60
88.00,27.60,23.30,15.40,86.00,95.50,57.30,35.20,19.60,162.60,32,61.40
80.40,25.50,23.00,14.90,81.70,88.40,52.40,34.50,20.30,174.00,26,55.50
86.00,31.00,26.30,15.40,91.70,97.80,59.10,39.90,21.60,162.60,56,63.60
86.40,28.30,24.70,16.60,87.80,95.40,59.50,35.60,23.00,161.30,23,60.90
87.60,28.10,23.10,15.20,77.00,97.70,57.00,34.40,20.90,156.20,19,60.00
80.90,26.80,22.80,15.40,77.40,84.60,51.00,34.40,21.00,149.90,31,46.80
82.10,26.20,22.60,15.20,82.40,91.60,53.40,35.00,22.40,169.50,34,57.30
89.30,29.60,25.10,15.90,90.80,103.30,63.00,34.40,21.00,160.00,34,64.10
85.30,26.40,23.00,15.00,85.30,96.30,55.50,36.50,21.30,175.30,24,63.60
89.00,30.20,24.40,15.70,86.10,93.50,56.10,37.00,22.60,169.50,22,67.30
94.10,36.90,29.00,16.40,103.50,104.30,66.50,40.30,24.60,160.00,34,75.50
90.80,28.10,24.30,15.40,90.60,96.30,56.20,38.20,22.30,172.70,30,68.20
97.00,32.00,25.10,15.90,90.20,98.30,56.30,32.30,20.80,162.60,32,61.40
95.40,32.30,26.40,15.80,107.10,112.10,64.40,35.70,21.40,157.50,40,76.80
91.80,30.30,25.40,15.40,90.40,101.00,60.60,37.70,22.40,176.50,29,71.80
87.30,30.10,23.60,15.20,79.20,89.50,55.20,35.60,22.40,164.40,21,55.50
78.10,27.40,24.00,15.50,75.10,86.90,51.80,34.40,21.20,160.70,33,48.60
90.90,30.60,24.90,15.50,89.40,98.60,59.00,38.40,22.00,174.00,33,66.40
97.10,33.20,25.50,16.40,100.80,102.20,57.40,39.60,23.00,163.80,38,67.30
93.10,32.00,27.40,17.10,85.20,94.50,59.00,37.30,21.90,172.09,23,69.97
93.60,30.50,28.90,18.20,83.00,98.70,58.70,37.30,23.40,183.52,22,78.58
95.80,28.80,25.20,16.60,87.90,99.20,59.60,38.90,24.00,168.28,22,69.85
101.80,32.40,29.40,18.20,86.40,101.20,60.10,37.30,22.80,183.52,26,83.80
97.30,32.20,27.70,17.70,100.00,101.90,63.20,42.20,24.00,180.98,24,83.57
104.50,35.70,30.60,18.80,94.40,107.80,66.00,42.00,25.60,189.87,24,95.37
105.10,31.90,27.80,17.70,90.70,100.30,58.40,38.30,22.90,177.17,26,82.10
99.60,30.50,29.00,18.80,88.50,97.10,60.00,39.40,23.20,184.15,25,79.83
100.90,35.90,31.10,18.20,82.50,99.90,62.90,38.30,23.80,187.96,25,86.64
99.60,35.60,30.00,19.20,88.60,104.10,63.10,41.70,25.00,186.69,23,89.92
101.50,32.80,29.40,18.50,83.60,98.20,59.70,39.70,25.20,189.23,26,84.48
103.60,37.20,30.20,19.00,90.90,107.70,66.20,39.20,25.90,193.04,27,97.98
102.00,32.50,28.60,17.70,91.60,103.90,63.40,38.30,21.50,176.53,32,81.87
104.10,36.90,31.60,18.80,101.80,108.60,66.00,41.50,23.70,180.98,30,93.10
101.30,36.10,30.50,18.20,96.40,100.10,69.00,39.00,23.10,176.53,35,85.16
99.10,31.10,26.40,16.90,92.80,99.20,63.10,38.70,21.70,167.64,35,73.82
101.90,36.20,30.80,17.30,96.40,105.20,64.80,40.80,23.10,180.34,34,88.79
107.60,38.20,31.60,19.30,97.50,107.00,66.90,40.00,24.40,180.34,32,94.91
106.80,37.20,30.50,18.50,89.60,102.40,64.20,38.70,22.90,172.09,28,83.35
106.20,37.10,30.10,18.20,100.50,109.00,65.80,40.60,24.00,186.69,33,96.05
103.30,32.50,30.30,18.40,95.90,104.90,63.50,38.00,22.10,172.72,28,81.19
111.40,33.00,32.80,19.90,98.80,104.80,63.40,40.60,24.60,177.17,28,90.95
86.00,27.90,25.90,16.70,76.40,94.60,57.40,35.30,22.20,173.36,31,63.62
86.70,29.80,26.70,17.10,80.00,93.40,54.90,36.20,22.10,177.80,32,67.47
90.20,31.10,28.00,17.60,76.30,95.80,58.40,35.50,22.90,172.09,28,68.61
89.60,29.90,28.20,17.70,79.70,96.50,55.00,36.70,22.50,181.61,27,72.23
88.60,28.70,27.00,16.50,74.60,85.30,51.70,34.70,21.40,171.45,34,59.65
97.40,29.20,26.60,17.00,88.70,94.70,57.50,36.00,21.00,171.45,31,67.13
93.50,30.50,27.90,17.20,73.90,88.50,50.10,34.50,21.30,164.47,27,60.44
97.40,30.10,26.70,17.60,83.50,98.70,58.90,35.30,22.60,175.26,29,72.91
100.50,32.50,27.70,18.40,88.70,99.80,57.50,38.70,33.90,187.33,32,82.55
93.50,30.10,26.40,17.90,84.50,100.60,58.50,38.80,21.50,180.98,29,72.69
93.00,29.00,30.00,18.80,79.10,94.50,57.30,36.20,24.50,180.98,27,76.20
111.70,37.50,31.50,18.70,100.50,108.30,67.10,44.20,25.20,180.34,41,99.11
117.00,37.30,31.70,19.70,115.60,116.10,71.20,43.30,26.30,186.69,41,112.15
118.50,32.00,29.80,17.00,113.10,113.80,61.90,38.30,21.90,165.10,49,86.98
106.50,35.10,30.60,19.00,100.90,106.20,63.50,39.90,22.60,177.80,40,91.74
105.60,33.20,30.50,19.40,98.80,104.80,66.00,41.50,24.70,173.36,50,89.24
136.20,45.00,29.00,21.40,148.10,147.70,87.30,49.10,29.60,183.52,46,164.72
114.80,34.10,31.00,18.30,108.10,102.50,61.30,41.10,24.70,170.18,50,92.08
128.30,36.40,32.70,21.40,126.20,125.60,72.50,39.60,26.60,174.63,45,119.18
106.00,33.60,28.70,17.40,104.30,115.50,70.60,42.50,23.70,176.53,44,92.99
113.30,36.70,29.80,18.40,111.20,114.10,67.70,40.90,25.00,177.80,48,98.43
106.60,35.80,31.50,18.80,104.30,106.00,65.00,40.20,23.00,181.61,41,96.16
85.10,26.10,23.10,16.10,76.00,88.20,50.00,34.70,21.00,172.72,39,56.81
96.60,29.70,27.40,18.30,81.50,97.20,58.40,38.20,23.40,186.06,43,74.50
88.20,27.90,26.20,17.30,73.70,88.50,53.30,34.50,22.50,171.45,40,60.55
89.80,28.80,26.80,17.90,79.50,92.70,52.70,37.50,21.90,180.98,39,67.36
92.30,28.80,25.50,16.30,83.40,90.40,52.00,35.80,20.60,173.99,45,61.58
83.40,26.80,25.80,16.80,70.40,87.20,50.60,34.40,21.90,169.55,47,57.83
90.20,26.00,25.80,17.30,86.70,98.30,52.60,37.20,22.40,183.52,47,71.78
89.20,26.70,26.10,17.20,77.90,91.00,51.40,34.90,21.00,175.26,40,63.16
89.70,29.60,26.00,16.90,82.00,89.10,49.30,33.70,21.40,172.09,51,62.26
93.30,38.50,27.40,18.50,79.60,91.60,52.60,37.60,22.60,186.69,49,69.29
87.60,27.70,27.50,18.50,77.60,88.60,51.90,34.90,22.50,171.45,42,61.80
107.60,35.90,30.20,18.90,100.00,99.60,57.20,38.00,22.00,182.88,54,89.81
100.00,33.10,28.30,18.50,99.80,102.50,62.10,39.60,22.50,172.72,58,82.33
111.50,37.70,30.90,19.20,104.20,105.80,61.80,39.80,22.70,176.53,62,91.29
115.40,31.60,28.80,18.20,105.30,97.00,59.10,38.00,22.50,179.71,54,91.85
104.80,34.50,29.60,18.50,98.30,99.60,60.60,37.70,22.90,167.01,61,81.53
112.30,36.20,31.80,20.20,104.80,103.10,61.60,40.90,23.10,186.06,62,97.98
102.90,32.50,29.80,18.30,94.70,100.80,60.90,38.00,22.10,173.99,56,81.08
107.60,32.70,29.90,19.10,102.40,99.40,61.00,39.40,23.60,178.44,54,87.66
105.30,33.60,29.00,18.80,99.70,99.70,60.80,40.10,22.70,170.18,61,80.74
105.30,35.30,31.10,18.40,105.50,108.30,65.00,41.20,24.70,177.80,57,93.21
103.00,34.80,30.10,18.70,100.30,104.20,64.80,40.20,22.70,171.45,55,83.23
90.00,29.60,27.40,17.40,83.90,93.90,55.00,36.10,21.70,179.71,54,68.72
95.40,32.80,27.40,18.70,86.60,91.80,54.30,35.40,21.50,181.61,55,70.19
89.30,32.60,28.10,18.10,78.40,96.10,56.00,37.40,22.40,175.90,54,70.42
94.40,27.30,27.10,17.30,84.60,94.30,51.20,37.40,21.60,181.61,55,71.10
97.60,31.50,27.30,18.60,91.50,98.50,56.60,38.60,22.40,181.61,62,75.98
88.50,30.30,27.30,18.30,82.80,95.50,58.90,37.60,21.60,174.63,55,66.56
93.60,29.70,27.30,18.20,82.90,96.30,52.90,37.50,23.10,187.33,56,72.91
87.70,29.30,25.70,16.90,76.00,88.60,50.90,35.40,19.10,162.56,55,56.70
93.40,29.40,27.00,16.80,83.30,93.00,55.50,35.20,20.90,167.01,61,64.86
91.60,29.30,27.00,18.30,81.80,94.80,54.50,37.00,21.40,171.45,61,67.25
91.60,30.20,29.20,18.10,78.80,94.30,56.70,39.70,24.20,176.53,57,73.71
102.00,30.80,25.70,18.80,95.00,98.30,55.00,38.30,21.80,173.99,69,80.63
96.40,31.40,26.80,18.30,95.40,99.30,53.50,37.50,21.50,178.44,81,73.14
102.70,30.30,28.70,19.00,98.60,100.20,56.50,39.30,22.70,175.90,66,77.68
97.70,29.40,27.20,19.00,95.80,97.10,54.80,38.20,23.70,172.09,67,74.28
97.10,29.90,25.20,17.70,89.00,96.90,54.80,38.00,22.00,170.82,64,68.15
103.10,34.30,29.60,19.00,97.80,99.60,58.90,39.00,23.00,184.79,64,86.30
101.80,31.20,27.30,19.20,94.90,95.00,56.00,36.50,24.10,177.80,70,77.45
101.40,29.70,26.30,18.00,99.80,96.20,56.30,36.60,22.00,175.90,72,76.20
98.90,32.40,27.70,18.20,89.70,96.20,54.70,37.80,33.70,171.45,67,75.75
97.50,32.60,28.00,18.80,88.10,96.90,57.20,37.70,21.80,170.82,72,71.55
104.30,29.20,28.40,18.10,90.90,93.80,57.80,39.50,23.30,167.01,64,72.57
97.30,30.20,29.30,18.80,86.00,99.30,61.00,38.40,23.80,184.15,46,80.17
96.70,28.80,29.60,18.70,86.50,98.30,60.40,39.90,24.40,185.42,48,79.83
99.70,29.10,27.70,17.70,95.60,102.20,58.30,38.20,22.50,177.80,46,80.29
101.90,31.40,28.40,18.80,93.20,100.60,58.90,39.70,23.10,176.53,44,81.53
97.20,30.10,28.20,18.40,83.10,95.40,56.90,38.30,22.10,179.07,47,74.96
106.60,33.30,29.60,19.10,97.50,100.60,58.90,40.50,24.50,182.25,46,87.32
99.60,30.30,27.90,17.80,88.80,101.40,57.40,39.60,24.60,189.23,47,83.57
113.20,32.90,30.80,20.40,99.20,107.50,61.70,42.30,23.20,197.49,53,101.83
99.10,31.60,30.10,18.50,91.60,102.40,60.60,39.40,22.90,186.06,38,85.62
99.40,30.60,27.80,18.20,86.70,96.20,62.10,39.30,23.30,168.91,50,73.71
95.10,31.60,27.50,18.20,88.20,92.80,54.70,37.30,21.90,173.36,46,70.99
107.50,35.30,30.90,18.30,94.00,103.70,62.70,39.00,22.30,182.88,47,89.36
106.50,32.20,31.00,18.60,95.00,101.70,59.00,39.40,22.30,186.69,49,90.04
99.10,27.90,26.20,17.00,92.00,98.30,59.30,38.40,22.40,182.88,48,78.81
96.70,31.00,29.20,18.40,89.20,98.30,60.00,38.40,23.20,180.98,41,78.36
103.50,31.00,30.30,19.70,95.50,101.60,59.10,39.80,25.40,187.33,49,89.24
104.00,30.10,27.20,17.70,98.60,99.50,59.50,36.10,22.00,175.90,43,80.29
93.10,31.00,29.40,18.80,87.30,96.60,54.70,39.00,24.80,173.99,43,75.07
105.20,30.50,28.50,18.10,102.80,103.60,61.20,39.30,23.50,186.69,43,90.83
110.00,35.10,29.60,19.10,101.60,100.70,55.80,38.70,23.40,188.60,52,92.19
110.10,35.10,30.70,19.20,88.70,102.10,57.50,40.00,24.80,191.77,43,88.00
97.80,32.10,26.00,17.30,92.30,100.60,57.50,36.80,22.80,175.90,40,76.43
96.30,33.30,28.20,18.10,90.60,99.30,61.90,38.00,22.30,173.99,43,77.45
108.00,33.50,27.80,17.40,105.00,103.00,63.70,40.00,23.60,177.80,43,83.12
99.70,35.30,31.10,19.80,95.00,98.60,62.30,38.10,23.90,177.80,47,80.85
93.50,30.70,27.60,17.40,89.60,99.80,61.50,37.80,21.90,178.44,42,73.94
100.70,31.80,27.30,17.50,92.40,97.50,59.30,38.10,21.80,182.25,48,79.49
97.00,29.80,26.30,17.30,86.60,92.60,55.90,36.30,22.10,175.90,40,71.67
96.00,29.90,28.00,18.10,90.00,99.70,58.80,38.40,22.80,184.79,48,80.40
99.20,33.40,29.80,19.50,90.00,96.40,56.80,38.80,23.30,182.88,51,81.19
95.40,33.60,29.50,18.50,92.40,104.30,64.60,41.10,24.80,187.96,40,86.64
101.80,32.10,28.60,18.00,87.50,101.00,58.50,39.20,24.50,183.52,44,85.05
104.30,33.90,31.20,19.50,99.20,104.10,58.50,39.30,24.60,189.23,52,93.67
99.20,33.00,29.60,18.40,98.10,101.40,57.10,40.50,23.20,181.61,44,84.03
99.30,34.40,28.00,17.60,83.30,97.50,60.50,38.70,22.60,174.63,40,72.69
94.00,30.60,27.50,17.60,86.10,95.20,58.10,36.50,22.10,169.55,47,68.72
98.90,34.40,29.20,18.00,84.10,94.00,58.50,36.60,23.50,168.91,50,73.03
101.00,35.60,30.20,17.60,89.90,100.00,60.70,36.00,21.90,170.18,46,75.75
98.70,33.80,30.30,17.20,92.10,98.50,60.70,36.80,22.20,174.63,42,80.51
95.90,33.90,28.20,17.40,78.00,93.20,53.50,35.80,20.80,172.09,43,69.06
103.90,33.30,29.60,18.10,93.50,99.50,61.70,39.00,21.80,186.06,40,87.20
96.20,31.60,27.80,17.70,87.00,97.80,57.40,36.90,22.20,177.17,42,74.96
97.80,27.50,26.50,17.60,90.10,95.80,57.00,38.70,23.20,181.61,49,77.90
94.60,31.20,28.40,17.10,90.30,99.10,60.30,38.50,23.00,179.07,40,77.68
103.60,33.50,28.60,17.90,99.80,103.20,61.20,38.10,22.60,186.06,47,89.36
100.40,33.60,29.30,17.30,89.40,92.30,56.10,35.60,20.50,169.55,50,71.21
98.40,34.00,29.80,18.10,87.20,98.40,56.00,36.90,23.00,176.53,41,76.32
104.60,30.90,28.80,17.60,101.10,102.10,58.90,37.90,22.70,177.17,44,84.37
92.90,32.70,28.30,17.10,86.10,95.60,58.80,36.10,22.40,179.71,39,75.64
97.80,34.30,28.40,17.70,98.60,100.60,63.60,39.20,23.80,187.96,43,85.16
98.30,31.70,27.40,17.60,88.50,98.30,58.10,38.40,22.50,180.98,40,76.32
104.70,35.50,29.80,18.70,106.60,107.70,66.50,42.50,24.50,190.50,49,96.50
98.60,30.80,27.90,16.60,93.10,101.60,59.10,39.60,21.60,180.34,40,80.17
99.50,32.00,28.50,17.80,93.00,99.30,60.40,38.20,22.00,176.53,40,78.58
102.70,31.60,27.50,17.90,91.00,98.90,57.10,36.70,22.30,172.09,52,75.75
92.10,30.50,27.20,18.20,77.10,93.90,56.10,36.10,22.70,183.52,23,72.46
96.60,31.80,29.70,18.30,85.30,102.50,59.10,37.60,23.20,196.85,23,85.34
92.70,33.50,28.30,17.30,81.90,95.30,56.40,36.50,22.00,179.71,24,70.76
102.00,36.10,30.30,18.70,99.10,110.10,71.20,43.50,25.20,184.79,24,94.57
110.90,33.30,29.70,18.40,100.50,106.20,68.40,40.80,24.60,177.17,25,93.67
92.30,25.80,25.20,16.90,76.50,92.10,51.90,35.70,22.00,184.15,25,65.20
114.10,36.00,30.40,18.40,106.80,113.90,67.60,42.70,24.70,178.44,26,101.15
92.90,31.60,29.00,17.80,77.60,93.50,56.90,35.90,20.40,175.26,26,69.06
108.30,38.50,33.80,19.60,102.90,114.40,72.90,43.50,25.10,189.23,26,109.66
88.50,27.80,26.30,17.40,72.80,91.10,53.60,36.80,23.80,183.52,27,66.22
94.00,30.60,28.30,17.90,88.20,95.20,56.80,37.40,22.80,170.82,27,71.10
101.10,33.70,29.20,19.40,100.10,105.00,62.10,40.00,24.90,186.69,27,90.83
92.10,32.20,27.70,17.70,83.50,98.30,57.30,37.80,21.70,191.14,28,77.79
105.60,35.20,30.70,19.10,105.00,106.40,68.60,40.00,25.20,175.26,28,93.33
98.50,31.60,28.00,18.60,90.80,102.50,60.80,38.50,25.00,183.52,28,82.78
88.70,27.00,34.90,16.90,76.60,89.80,50.10,34.80,21.80,174.63,30,61.92
101.10,30.10,28.20,18.20,92.40,99.30,59.40,39.00,24.60,181.61,31,80.40
94.00,27.00,26.30,16.50,81.20,91.50,52.50,36.60,21.00,183.52,31,68.61
103.80,31.30,29.20,19.10,95.60,105.10,61.40,40.60,25.00,185.42,33,88.90
98.90,33.50,30.60,19.70,92.10,103.50,64.00,37.30,23.50,174.63,33,83.57
89.20,28.30,26.20,16.50,83.40,89.60,52.40,35.60,20.40,179.07,34,63.50
111.40,34.00,31.20,18.50,106.00,108.80,63.80,42.00,23.40,182.88,34,99.22
107.50,36.40,33.70,19.40,95.10,104.50,64.80,41.30,25.60,187.33,35,98.43
99.10,30.20,28.70,17.70,90.40,95.60,55.50,34.20,21.90,172.72,35,75.41
108.20,37.20,33.10,19.80,100.40,106.80,63.30,41.70,24.60,183.52,35,101.94
114.90,36.10,31.80,18.80,115.90,111.90,74.40,40.60,24.00,176.53,35,103.53
99.10,32.50,29.80,17.40,90.80,98.10,60.10,39.10,23.40,176.53,35,78.36
92.20,30.40,27.40,17.70,81.90,92.80,54.70,36.20,22.10,172.09,35,69.06
90.80,24.80,25.90,16.90,75.00,89.20,50.00,34.80,22.00,166.37,35,57.04
100.50,31.00,28.70,17.70,90.30,98.70,57.80,37.30,22.40,180.34,35,80.40
98.20,32.40,28.40,17.80,90.30,99.90,59.20,37.70,21.50,181.61,36,79.95
115.30,35.40,21.00,20.10,108.80,114.40,69.20,42.40,24.00,182.25,36,102.85
96.80,31.00,26.90,16.90,79.40,89.20,50.30,34.80,22.20,175.90,37,65.88
92.60,31.50,26.60,16.70,83.20,96.40,60.00,38.10,22.00,170.18,37,68.49
119.20,34.40,29.50,18.40,110.30,113.90,69.80,42.60,24.80,181.61,37,109.43
102.70,34.80,30.30,18.10,92.70,101.90,64.70,39.50,24.70,175.90,38,84.94
109.50,39.10,32.50,19.90,104.50,109.90,69.50,43.10,25.80,189.23,39,106.48
108.50,35.60,29.00,19.00,104.60,109.80,68.10,42.80,24.10,188.60,39,99.45
79.30,27.70,24.60,16.50,69.40,85.00,47.20,33.50,20.20,172.72,40,53.75
95.50,31.40,28.30,17.20,83.60,91.60,54.10,36.20,21.80,170.82,40,66.11
92.30,30.00,26.40,17.40,86.80,96.10,58.00,39.40,22.70,177.17,40,72.23
98.90,30.50,28.90,17.70,90.40,95.50,55.40,38.90,22.40,188.60,40,77.34
89.50,32.90,29.30,18.20,83.70,98.10,57.30,39.70,22.60,181.61,40,75.98
117.50,37.20,31.80,20.00,109.30,108.80,67.70,41.30,24.70,188.60,41,105.57
107.40,36.40,30.40,19.10,98.90,104.10,63.50,39.80,23.50,182.88,41,95.48
109.20,36.60,32.40,18.80,98.00,101.80,62.80,41.30,24.80,184.15,41,91.74
103.40,33.40,29.20,18.50,101.20,103.10,61.50,40.40,22.90,173.36,41,83.91
91.40,29.60,27.30,17.90,80.60,92.30,54.30,36.30,21.80,175.90,41,69.40
115.20,37.10,31.20,19.90,113.70,112.40,68.50,45.00,25.50,193.04,42,110.79
104.90,34.00,30.10,18.70,94.10,102.70,60.60,38.60,24.70,179.07,42,87.77
106.70,33.70,29.90,18.50,105.70,111.80,65.30,43.30,26.00,189.87,42,101.94
92.20,31.70,27.10,17.10,85.60,96.50,60.20,38.90,22.40,184.79,42,73.82
101.60,32.90,29.80,18.80,96.60,100.60,61.10,38.40,24.10,173.36,42,81.65
97.80,31.20,27.30,17.40,86.00,96.20,57.70,38.60,24.00,175.26,42,70.87
92.00,30.80,27.80,16.90,89.70,101.00,62.30,38.00,22.30,181.61,42,76.20
94.00,30.60,30.00,18.50,78.00,99.00,57.50,40.00,22.50,184.79,42,75.86
103.70,33.80,28.80,18.80,89.70,94.20,58.50,39.00,24.10,171.45,43,77.45
102.70,31.70,28.40,18.60,89.20,99.20,60.20,39.20,23.80,178.44,43,80.85
91.10,29.40,26.60,17.40,85.70,96.90,55.50,35.70,22.00,175.90,43,68.04
107.20,32.10,28.90,18.70,103.10,105.50,68.80,38.30,23.70,181.61,43,90.95
100.80,32.90,29.20,18.40,89.10,102.60,60.60,39.00,24.00,187.96,44,83.46
121.60,34.80,30.70,17.40,113.90,107.10,63.50,40.30,21.80,177.17,44,101.15
105.60,37.30,23.10,19.40,96.30,102.00,63.30,39.80,24.10,185.42,44,94.69
100.60,33.10,29.50,17.30,93.90,100.10,58.90,37.60,21.40,166.37,44,75.30
102.70,36.70,31.60,18.40,101.30,101.70,60.70,39.40,23.30,184.15,47,88.45
99.80,31.40,27.50,17.70,83.90,91.80,53.00,36.20,22.50,178.44,47,72.80
92.90,29.00,26.20,17.60,84.40,94.00,56.00,38.20,22.60,179.71,47,72.46
91.20,30.90,28.80,17.40,79.40,89.00,51.10,35.00,21.70,172.72,49,63.73
115.60,36.80,31.00,18.90,104.00,109.00,63.70,40.30,23.20,189.23,49,98.09
98.30,29.50,27.90,18.60,89.70,99.10,56.30,38.80,23.00,182.25,49,76.32
103.70,32.70,30.00,19.00,97.60,104.20,60.00,40.90,25.50,179.71,50,88.34
98.70,28.60,26.70,18.00,87.60,96.10,57.10,38.10,21.80,185.42,50,78.36
119.80,34.70,29.10,18.40,122.10,112.80,62.50,36.90,23.60,162.56,51,99.34
92.80,31.30,26.30,17.80,81.10,96.30,53.80,36.50,21.50,177.17,51,67.70
93.30,27.50,25.90,18.60,81.50,94.40,54.70,39.00,22.60,177.80,51,70.08
106.80,35.70,30.40,19.20,100.00,105.00,63.90,39.20,22.90,182.25,52,90.38
93.90,28.50,25.70,17.10,88.70,94.50,53.70,36.20,22.00,175.90,53,70.08
99.00,31.40,29.90,18.90,91.80,96.20,57.70,38.10,23.90,179.07,54,78.58
119.90,38.40,32.00,19.60,110.40,105.50,64.20,42.70,27.00,183.52,54,104.33
94.20,27.90,27.00,17.80,87.60,95.60,59.70,40.20,23.40,171.45,54,73.37
92.70,29.40,26.80,17.00,82.80,91.90,54.40,35.20,22.50,170.82,55,64.52
106.90,34.10,31.10,19.20,95.30,98.20,57.40,37.10,21.80,174.63,55,81.53
88.80,25.30,22.00,15.80,78.20,87.50,50.80,33.00,19.70,169.55,55,57.38
101.70,33.40,29.30,18.80,91.10,97.10,56.60,38.50,22.60,173.36,55,76.88
105.30,33.20,30.00,18.40,96.70,106.60,64.00,42.60,23.40,188.60,55,90.04
104.00,34.60,30.10,18.80,89.40,98.40,58.40,37.40,22.50,176.53,56,79.15
98.60,32.40,29.70,19.00,93.00,97.00,55.40,38.80,23.20,173.99,56,76.09
99.60,31.70,27.30,16.90,86.40,90.10,53.00,35.00,21.30,167.01,57,67.02
103.40,31.80,29.10,19.00,96.70,100.70,59.30,38.60,22.80,182.25,57,82.67
100.20,30.90,29.60,18.00,88.10,97.80,57.10,38.90,23.60,181.61,58,79.61
94.90,27.80,26.10,17.60,94.90,100.20,56.80,35.90,21.00,170.82,58,73.37
97.20,31.30,28.70,18.30,93.30,94.00,54.30,35.70,21.00,171.45,60,71.55
104.70,30.30,26.30,18.30,95.60,93.70,54.40,37.10,22.70,171.45,62,76.54
104.00,32.60,28.50,19.00,98.20,101.10,59.30,40.30,23.00,183.52,62,86.86
117.60,35.10,29.60,18.50,113.80,111.80,63.40,41.10,22.30,176.53,63,99.40
95.80,29.80,28.90,18.30,82.80,94.50,61.20,39.10,22.30,176.53,64,70.42
106.40,35.90,30.50,19.10,100.50,100.50,59.20,38.10,24.00,167.01,65,86.07
93.00,28.50,24.80,16.50,79.70,87.60,50.70,33.40,20.10,167.01,65,57.83
119.60,34.90,30.10,19.40,118.00,114.30,61.30,42.10,23.40,173.36,65,101.83
119.70,35.60,30.70,19.50,109.00,109.10,63.70,42.40,24.60,182.88,66,106.25
115.80,35.30,29.80,19.50,113.40,109.80,65.60,46.00,25.40,184.79,67,103.31
118.30,32.10,29.30,18.50,106.10,101.60,58.20,38.80,24.10,173.99,67,90.49
97.40,29.20,27.30,18.50,84.30,94.40,54.30,37.50,22.60,175.90,68,70.53
113.70,37.50,32.60,18.80,107.60,110.00,63.30,44.00,22.60,179.07,69,97.75
89.20,25.60,25.70,18.50,83.60,88.80,49.60,34.80,21.50,170.18,70,60.89
108.50,35.20,28.60,20.10,105.00,104.50,59.60,40.80,23.20,177.17,72,91.17
111.10,31.30,27.20,18.00,111.50,101.70,60.30,37.30,21.50,167.64,72,84.71
108.30,30.50,29.40,19.80,101.30,97.80,56.00,41.60,22.70,179.07,72,86.52
112.40,33.70,30.00,20.90,108.50,107.10,59.30,42.20,24.60,177.80,74,94.12
